{"stats":{"minecraft:mined":{"minecraft:spruce_log":11,"minecraft:crafting_table":1,"minecraft:oak_log":10,"minecraft:coal_ore":13,"minecraft:dirt":4,"minecraft:spruce_leaves":4,"minecraft:oak_leaves":3},"minecraft:crafted":{"minecraft:wooden_sword":1,"minecraft:oak_planks":20,"minecraft:crafting_table":1,"minecraft:stick":4,"minecraft:wooden_axe":1},"minecraft:used":{"dummmmmmy:target_dummy":5,"minecraft:wooden_axe":22,"minecraft:stone_pickaxe":14,"minecraft:wooden_sword":47,"minecraft:dirt":2,"minecraft:crafting_table":1},"minecraft:custom":{"minecraft:time_since_rest":23858,"minecraft:blood":0,"minecraft:magic_shield":0,"minecraft:sprint_one_cm":34858,"minecraft:damage_taken":223,"minecraft:walk_one_cm":37299,"minecraft:drop":1,"minecraft:dexterity":0,"minecraft:intelligence":0,"minecraft:damage_dealt":0,"minecraft:move_speed":0,"minecraft:health":70,"minecraft:interact_with_crafting_table":2,"minecraft:fly_one_cm":19912,"minecraft:crouch_one_cm":2847,"minecraft:play_time":23858,"minecraft:sneak_time":1884,"minecraft:jump":188,"minecraft:energy":50,"minecraft:leave_game":1,"minecraft:time_since_death":23858,"minecraft:strength":0,"minecraft:total_world_time":23858,"minecraft:damage_resisted":315,"minecraft:levels_gained":1,"minecraft:fall_one_cm":7722,"minecraft:mana":50},"minecraft:dropped":{"minecraft:spruce_sapling":1},"minecraft:picked_up":{"dummmmmmy:target_dummy":5,"minecraft:oak_log":10,"minecraft:spruce_sapling":1,"minecraft:spruce_log":11,"minecraft:dirt":4,"minecraft:coal":13}},"DataVersion":3465}