{"stats":{"minecraft:picked_up":{"minecraft:jungle_log":1},"minecraft:custom":{"minecraft:jump":5,"minecraft:time_since_rest":1872,"minecraft:leave_game":3,"minecraft:play_time":1872,"minecraft:time_since_death":1872,"minecraft:walk_one_cm":1993,"minecraft:total_world_time":1872},"minecraft:mined":{"minecraft:jungle_leaves":3,"minecraft:jungle_log":1},"minecraft:used":{"minecraft:crafting_table":1},"minecraft:crafted":{"minecraft:crafting_table":1,"minecraft:jungle_planks":4}},"DataVersion":3465}