{"stats":{"minecraft:mined":{"minecraft:oak_log":10,"minecraft:dirt":4,"minecraft:spruce_leaves":4,"minecraft:spruce_log":11,"minecraft:crafting_table":1,"minecraft:oak_leaves":3},"minecraft:crafted":{"minecraft:oak_planks":20,"minecraft:crafting_table":1,"minecraft:stick":4,"minecraft:wooden_axe":1},"minecraft:used":{"minecraft:wooden_axe":22,"minecraft:dirt":2,"minecraft:crafting_table":1},"minecraft:custom":{"minecraft:time_since_rest":10798,"minecraft:blood":0,"minecraft:magic_shield":0,"minecraft:crouch_one_cm":165,"minecraft:play_time":10798,"minecraft:sprint_one_cm":27399,"minecraft:damage_taken":34,"minecraft:walk_one_cm":23342,"minecraft:sneak_time":556,"minecraft:drop":1,"minecraft:dexterity":0,"minecraft:jump":56,"minecraft:intelligence":0,"minecraft:energy":50,"minecraft:damage_dealt":0,"minecraft:health":70,"minecraft:time_since_death":10798,"minecraft:move_speed":0,"minecraft:strength":0,"minecraft:total_world_time":10798,"minecraft:fall_one_cm":2507,"minecraft:interact_with_crafting_table":1,"minecraft:mana":50,"minecraft:fly_one_cm":7170},"minecraft:dropped":{"minecraft:spruce_sapling":1},"minecraft:picked_up":{"minecraft:oak_log":10,"minecraft:spruce_sapling":1,"minecraft:spruce_log":11,"minecraft:dirt":4}},"DataVersion":3465}