{"stats":{"minecraft:mined":{"minecraft:spruce_log":11,"minecraft:crafting_table":1,"minecraft:coal_ore":13,"minecraft:oak_log":10,"minecraft:dirt":4,"minecraft:spruce_leaves":4,"minecraft:oak_leaves":3},"minecraft:crafted":{"minecraft:wooden_sword":1,"minecraft:oak_planks":20,"minecraft:crafting_table":1,"minecraft:stick":4,"minecraft:wooden_axe":1},"minecraft:used":{"dummmmmmy:target_dummy":5,"minecraft:wooden_axe":22,"minecraft:stone_pickaxe":14,"minecraft:wooden_sword":47,"minecraft:dirt":2,"minecraft:crafting_table":1},"minecraft:custom":{"minecraft:time_since_rest":24701,"minecraft:blood":0,"minecraft:magic_shield":0,"minecraft:sprint_one_cm":35309,"minecraft:damage_taken":223,"minecraft:walk_one_cm":41014,"minecraft:drop":1,"minecraft:dexterity":0,"minecraft:intelligence":0,"minecraft:damage_dealt":0,"minecraft:health":70,"minecraft:move_speed":0,"minecraft:interact_with_crafting_table":2,"minecraft:fly_one_cm":19996,"minecraft:crouch_one_cm":2920,"minecraft:play_time":24701,"minecraft:sneak_time":1897,"minecraft:jump":190,"minecraft:energy":50,"minecraft:leave_game":1,"minecraft:time_since_death":24701,"minecraft:strength":0,"minecraft:total_world_time":24701,"minecraft:damage_resisted":315,"minecraft:levels_gained":1,"minecraft:fall_one_cm":7722,"minecraft:mana":50},"minecraft:dropped":{"minecraft:spruce_sapling":1},"minecraft:picked_up":{"minecraft:stick":1,"mmorpg:newbie_gear_bag":1,"dummmmmmy:target_dummy":5,"minecraft:oak_log":15,"minecraft:spruce_sapling":1,"minecraft:spruce_log":22,"minecraft:dirt":6,"minecraft:wooden_sword":1,"minecraft:stone_pickaxe":1,"minecraft:oak_planks":9,"minecraft:coal":26}},"DataVersion":3465}