{"stats":{"minecraft:mined":{"minecraft:spruce_log":11},"minecraft:crafted":{"minecraft:wooden_sword":1,"minecraft:crafting_table":1,"minecraft:spruce_planks":16,"minecraft:stick":4,"minecraft:wooden_axe":1},"minecraft:used":{"dummmmmmy:target_dummy":5,"minecraft:wooden_axe":15,"minecraft:wooden_sword":19,"minecraft:coal_ore":13,"minecraft:crafting_table":2},"minecraft:custom":{"minecraft:crouch_one_cm":110,"minecraft:time_since_rest":21333,"minecraft:blood":0,"minecraft:magic_shield":0,"minecraft:play_time":21333,"minecraft:sprint_one_cm":24117,"minecraft:damage_taken":258,"minecraft:walk_one_cm":53317,"minecraft:sneak_time":518,"minecraft:drop":2,"minecraft:dexterity":0,"minecraft:jump":49,"minecraft:intelligence":0,"minecraft:energy":50,"minecraft:damage_dealt":0,"minecraft:leave_game":1,"minecraft:time_since_death":21333,"minecraft:health":70,"minecraft:move_speed":0,"minecraft:strength":0,"minecraft:damage_resisted":140,"minecraft:total_world_time":21333,"minecraft:levels_gained":1,"minecraft:interact_with_crafting_table":2,"minecraft:mana":50,"minecraft:fall_one_cm":3631,"minecraft:fly_one_cm":4953},"minecraft:dropped":{"minecraft:spruce_sapling":2},"minecraft:picked_up":{"minecraft:crafting_table":1,"dummmmmmy:target_dummy":1,"minecraft:spruce_sapling":3,"minecraft:spruce_log":8}},"DataVersion":3465}