{"stats":{"minecraft:mined":{"minecraft:spruce_log":11},"minecraft:crafted":{"minecraft:crafting_table":1,"minecraft:spruce_planks":16,"minecraft:stick":4,"minecraft:wooden_axe":1},"minecraft:used":{"minecraft:wooden_axe":7,"minecraft:crafting_table":1},"minecraft:custom":{"minecraft:time_since_rest":9058,"minecraft:blood":0,"minecraft:magic_shield":0,"minecraft:play_time":9058,"minecraft:sprint_one_cm":15991,"minecraft:damage_taken":14,"minecraft:walk_one_cm":27830,"minecraft:drop":2,"minecraft:dexterity":0,"minecraft:jump":2,"minecraft:intelligence":0,"minecraft:energy":50,"minecraft:damage_dealt":0,"minecraft:time_since_death":9058,"minecraft:health":70,"minecraft:move_speed":0,"minecraft:strength":0,"minecraft:total_world_time":9058,"minecraft:interact_with_crafting_table":1,"minecraft:mana":50,"minecraft:fall_one_cm":538,"minecraft:fly_one_cm":858},"minecraft:dropped":{"minecraft:spruce_sapling":2},"minecraft:picked_up":{"minecraft:crafting_table":1,"minecraft:spruce_sapling":3,"minecraft:spruce_log":8}},"DataVersion":3465}